Department,count,mean,std,min,25%,50%,75%,max
Finance,99.0,12.012841510442863,4.250428276036664,5.184643742999396,8.17545199681646,12.280320199296629,15.596594690340222,19.995584339122754
HR,105.0,12.37359765645537,4.529790441368239,5.2691781630090935,8.39195053915121,12.378907155788065,16.06345873494184,19.868902232378716
Ops,104.0,13.055526393523168,4.265846069762985,5.00279961713915,9.657196625612798,13.252706831300493,16.98545993660802,19.956103144145963
Sales,96.0,12.108918210905436,4.351185845494379,5.031549999156417,8.26835663415337,12.056603425905607,15.844248688765074,19.826135180626768
Tech,96.0,12.910476694769727,4.471187542839913,5.043801927665779,9.40390620485495,12.177092155780501,17.279854766316294,19.726920365060018
