Department,mean,median,Mean Lakhs,Median Lakhs
Finance,1102303.117171717,833456.0,11.02,8.33
HR,1315314.9447619047,997444.0,13.15,9.97
Ops,1137179.9951923077,830957.5,11.37,8.31
Sales,1176311.3010416667,844169.5,11.76,8.44
Tech,1360344.8812499999,1360233.4500000002,13.6,13.6
