Dept,CTC
Customer Success,1415941.514203524
Finance,1400415.4665714286
HR,1402293.9237918216
IT,1423332.588857191
Legal,1394006.1933522497
Marketing,1423971.774181949
Operations,1426782.0133458646
R&D,1399971.4018812845
Sales,1720880.9245364382
