Gender,CTC
Female,1460534.2394121175
Male,1488053.0096000908
Other,1478803.679063361
