PerformanceRating,BonusPct
1,3.818331206236564
2,4.119487421423014
3,4.081805442362936
4,4.16501994487543
5,3.9924129012596716
