JobLevel,Female,Male,Other,GapPct
Analyst,580070.7762,580165.1478591817,586721.9915254237,0.016266344079786957
Assistant Manager,1676619.9149447381,1678065.7996137133,1657889.1095890412,0.08616376481232
Associate Partner,7642863.20967742,7724312.568245125,7376239.583333333,1.0544544624274539
Director,5710488.418141593,5853699.954285714,5540693.12,2.446513098767047
Executive,770855.2105405405,775535.0819112628,775228.8972602739,0.6034377399393752
Manager,2582753.234260615,2575749.4513399154,2548270.0967741935,-0.2719124298776875
Senior Executive,1159952.7712820512,1163241.882674772,1149787.6821705427,0.28275386587334816
Senior Manager,3868672.7679425837,3867651.912200684,3897399.930232558,-0.026394716098393566
