Model,Accuracy,ROC AUC
Logistic Regression,0.7517006802721088,0.7982599707123783
Random Forest (tuned),0.8367346938775511,0.7688862089757946
XGBoost,0.8639455782312925,0.7741407528641572
